Group,Size,Females,Males,Avg_Quant,East Asia,British,Eastern Europe,Middle East,South Asia,Western Europe
G1,5,2,3,7.040000000000001,2,1,1,1,0,0
G2,5,3,2,7.040000000000001,2,1,1,1,0,0
G3,5,3,2,7.12,3,1,0,0,0,1
G4,5,2,3,6.960000000000001,2,1,0,1,1,0
G5,5,2,3,6.779999999999999,2,1,1,1,0,0
G6,5,3,2,7.039999999999999,2,1,2,0,0,0
G7,5,3,2,6.760000000000001,3,1,0,0,1,0
G8,5,3,2,6.779999999999999,2,1,0,1,0,1
G9,5,3,2,7.26,2,1,1,0,1,0
